{"cameraMode":{"drawMode":0,"name":"Shaded","section":"Shading Mode"},"sceneLighting":true,"audioPlay":false,"sceneViewState":{"m_AlwaysRefresh":false,"showFog":true,"showSkybox":true,"showFlares":true,"showImageEffects":true,"showParticleSystems":true,"showVisualEffectGraphs":true,"m_FxEnabled":true},"in2DMode":false,"pivot":{"x":2.240142345428467,"y":-0.8589595556259155,"z":6.075514316558838},"rotation":{"x":-0.17626196146011353,"y":-0.03631609305739403,"z":0.006507474929094315,"w":-0.9836515188217163},"size":3.6803789138793947,"orthographic":false}